[['刘二上访记', [], '大陆', '剧情', 'https://movie.douban.com/subject/21715471/', 'https://img3.doubanio.com/view/subject/l/public/s25805382.jpg']]
[['茶馆', ['9.3'], '大陆', '剧情', 'https://movie.douban.com/subject/1461403/', 'https://img3.doubanio.com/view/photo/s_ratio_poster/public/p2262122096.jpg']]
[['背靠背，脸对脸', ['9.3'], '大陆', '剧情', 'https://movie.douban.com/subject/1307856/', 'https://img1.doubanio.com/view/photo/s_ratio_poster/public/p2512625908.jpg']]
[['荒山泪', ['9.2'], '大陆', '剧情', 'https://movie.douban.com/subject/3724033/', 'https://img3.doubanio.com/view/photo/s_ratio_poster/public/p1945500364.jpg']]
[['四个春天', ['9.3'], '大陆', '剧情', 'https://movie.douban.com/subject/27191492/', 'https://img3.doubanio.com/view/photo/s_ratio_poster/public/p2506769505.jpg']]
[['鬼子来了', ['9.2'], '大陆', '剧情', 'https://movie.douban.com/subject/1291858/', 'https://img3.doubanio.com/view/photo/s_ratio_poster/public/p1181775734.jpg']]
[['狐妖小红娘剧场版：王权富贵', ['9.2'], '大陆', '剧情', 'https://movie.douban.com/subject/26946612/', 'https://img3.doubanio.com/view/photo/s_ratio_poster/public/p2409467410.jpg']]
[['活着', ['9.1'], '大陆', '剧情', 'https://movie.douban.com/subject/1292365/', 'https://img3.doubanio.com/view/photo/s_ratio_poster/public/p2513253791.jpg']]
[['天堂回信', ['9.1'], '大陆', '剧情', 'https://movie.douban.com/subject/1418076/', 'https://img3.doubanio.com/view/photo/s_ratio_poster/public/p1090024531.jpg']]
[['红楼梦', ['9.1'], '大陆', '剧情', 'https://movie.douban.com/subject/1329969/', 'https://img3.doubanio.com/view/photo/s_ratio_poster/public/p2322451692.jpg']]
[['金花路5号', ['9.1'], '大陆', '剧情', 'https://movie.douban.com/subject/2282452/', 'https://img3.doubanio.com/view/photo/s_ratio_poster/public/p1961367162.jpg']]
[['芙蓉镇', ['9.0'], '大陆', '剧情', 'https://movie.douban.com/subject/1297880/', 'https://img3.doubanio.com/view/photo/s_ratio_poster/public/p2184544013.jpg']]
[['如此爹娘', ['9.0'], '大陆', '剧情', 'https://movie.douban.com/subject/3032535/', 'https://img3.doubanio.com/view/photo/s_ratio_poster/public/p2323730451.jpg']]
[['孔明灯', ['9.0'], '大陆', '剧情', 'https://movie.douban.com/subject/6785099/', 'https://img3.doubanio.com/view/subject/l/public/s6852223.jpg']]
[['霍伊特团队', ['9.7'], '美国', '剧情', 'https://movie.douban.com/subject/2006101/', 'https://img3.doubanio.com/view/photo/s_ratio_poster/public/p2329853674.jpg']]
[['肖申克的救赎', ['9.6'], '美国', '剧情', 'https://movie.douban.com/subject/1292052/', 'https://img3.doubanio.com/view/photo/s_ratio_poster/public/p480747492.jpg']]
[['控方证人', ['9.6'], '美国', '剧情', 'https://movie.douban.com/subject/1296141/', 'https://img1.doubanio.com/view/photo/s_ratio_poster/public/p1505392928.jpg']]
[['威尔和格蕾丝 告别秀', ['9.6'], '美国', '剧情', 'https://movie.douban.com/subject/2263259/', 'https://img1.doubanio.com/view/photo/s_ratio_poster/public/p2408281629.jpg']]
[['迈克尔・杰克逊：音乐历史专辑全集', ['9.6'], '美国', '剧情', 'https://movie.douban.com/subject/2122919/', 'https://img3.doubanio.com/view/subject/l/public/s2541232.jpg']]
[['NBA黄金50周年纪念特辑', ['9.6'], '美国', '剧情', 'https://movie.douban.com/subject/3145883/', 'https://img3.doubanio.com/view/photo/s_ratio_poster/public/p2381286642.jpg']]
[['AFI终身成就奖：向阿尔帕西诺致敬', ['9.5'], '美国', '剧情', 'https://movie.douban.com/subject/4832752/', 'https://img3.doubanio.com/view/photo/s_ratio_poster/public/p1586263052.jpg']]
[['豪斯医生完季特别篇：天鹅挽歌', ['9.5'], '美国', '剧情', 'https://movie.douban.com/subject/10757823/', 'https://img3.doubanio.com/view/photo/s_ratio_poster/public/p2201534004.jpg']]
[['怪诞小镇特别篇：松林之间', ['9.5'], '美国', '剧情', 'https://movie.douban.com/subject/26744258/', 'https://img3.doubanio.com/view/photo/s_ratio_poster/public/p2324315416.jpg']]
[['天使在美国第二部：重建', ['9.6'], '美国', '剧情', 'https://movie.douban.com/subject/27045950/', 'https://img3.doubanio.com/view/photo/s_ratio_poster/public/p2474462430.jpg']]
[['演员工作室：老爸老妈的浪漫史', ['9.5'], '美国', '剧情', 'https://movie.douban.com/subject/25855990/', 'https://img3.doubanio.com/view/photo/s_ratio_poster/public/p2176444996.jpg']]
[['阿甘正传', ['9.4'], '美国', '剧情', 'https://movie.douban.com/subject/1292720/', 'https://img1.doubanio.com/view/photo/s_ratio_poster/public/p510876377.jpg']]
[['辛德勒的名单', ['9.4'], '美国', '剧情', 'https://movie.douban.com/subject/1295124/', 'https://img3.doubanio.com/view/photo/s_ratio_poster/public/p492406163.jpg']]
[['十二怒汉', ['9.4'], '美国', '剧情', 'https://movie.douban.com/subject/1293182/', 'https://img3.doubanio.com/view/photo/s_ratio_poster/public/p2173577632.jpg']]
[['十二怒汉', ['9.4'], '美国', '剧情', 'https://movie.douban.com/subject/10583098/', 'https://img3.doubanio.com/view/photo/s_ratio_poster/public/p2153875961.jpg']]
[['控方证人', ['9.4'], '美国', '剧情', 'https://movie.douban.com/subject/5294851/', 'https://img3.doubanio.com/view/photo/s_ratio_poster/public/p2367853261.jpg']]
[['绝不折中：绝命毒师最终季制作记录', ['9.4'], '美国', '剧情', 'https://movie.douban.com/subject/25779043/', 'https://img3.doubanio.com/view/photo/s_ratio_poster/public/p2208788564.jpg']]
[['疑犯追踪 试播集', ['9.4'], '美国', '剧情', 'https://movie.douban.com/subject/24700683/', 'https://img1.doubanio.com/view/photo/s_ratio_poster/public/p1974739828.jpg']]
[['博弈论', ['9.4'], '美国', '剧情', 'https://movie.douban.com/subject/3272459/', 'https://img3.doubanio.com/view/photo/s_ratio_poster/public/p2254959230.jpg']]
[['拜访森林', ['9.4'], '美国', '剧情', 'https://movie.douban.com/subject/25741291/', 'https://img3.doubanio.com/view/photo/s_ratio_poster/public/p2155898916.jpg']]
[['霸王别姬', ['9.5'], '香港', '剧情', 'https://movie.douban.com/subject/1291546/', 'https://img3.doubanio.com/view/photo/s_ratio_poster/public/p1910813120.jpg']]
[['Small Matters 音乐录像故事', ['9.4'], '香港', '剧情', 'https://movie.douban.com/subject/2295463/', 'https://img1.doubanio.com/view/subject/l/public/s2752638.jpg']]
[['背靠背，脸对脸', ['9.3'], '香港', '剧情', 'https://movie.douban.com/subject/1307856/', 'https://img1.doubanio.com/view/photo/s_ratio_poster/public/p2512625908.jpg']]
[['帝女花', ['9.3'], '香港', '剧情', 'https://movie.douban.com/subject/1918697/', 'https://img1.doubanio.com/view/photo/s_ratio_poster/public/p2324412917.jpg']]
[['大话西游之大圣娶亲', ['9.2'], '香港', '剧情', 'https://movie.douban.com/subject/1292213/', 'https://img3.doubanio.com/view/photo/s_ratio_poster/public/p2455050536.jpg']]
[['活着', ['9.1'], '香港', '剧情', 'https://movie.douban.com/subject/1292365/', 'https://img3.doubanio.com/view/photo/s_ratio_poster/public/p2513253791.jpg']]
[['南海十三郎', ['9.1'], '香港', '剧情', 'https://movie.douban.com/subject/1303913/', 'https://img1.doubanio.com/view/photo/s_ratio_poster/public/p2328424489.jpg']]
[['幸福的旁边', ['9.1'], '香港', '剧情', 'https://movie.douban.com/subject/26879897/', 'https://img3.doubanio.com/view/photo/s_ratio_poster/public/p2503447611.jpg']]
[['无间道', ['9.0'], '香港', '剧情', 'https://movie.douban.com/subject/1307914/', 'https://img3.doubanio.com/view/photo/s_ratio_poster/public/p2233971046.jpg']]
[['上海滩', ['9.0'], '香港', '剧情', 'https://movie.douban.com/subject/6311260/', 'https://img3.doubanio.com/view/photo/s_ratio_poster/public/p2344833803.jpg']]
[['霹雳兵燹', ['9.3'], '台湾', '剧情', 'https://movie.douban.com/subject/1920838/', 'https://img1.doubanio.com/view/photo/s_ratio_poster/public/p1492646738.jpg']]
[['时之繁花', ['9.3'], '台湾', '剧情', 'https://movie.douban.com/subject/25774028/', 'https://img3.doubanio.com/view/photo/s_ratio_poster/public/p2216519411.jpg']]
[['冲天', ['9.2'], '台湾', '剧情', 'https://movie.douban.com/subject/26602234/', 'https://img3.doubanio.com/view/photo/s_ratio_poster/public/p2279974285.jpg']]
[['饮食男女', ['9.1'], '台湾', '剧情', 'https://movie.douban.com/subject/1291818/', 'https://img3.doubanio.com/view/photo/s_ratio_poster/public/p1910899751.jpg']]
[['少年派的奇幻漂流', ['9.0'], '台湾', '剧情', 'https://movie.douban.com/subject/1929463/', 'https://img3.doubanio.com/view/photo/s_ratio_poster/public/p1784592701.jpg']]
[['长假', ['9.0'], '台湾', '剧情', 'https://movie.douban.com/subject/3098844/', 'https://img3.doubanio.com/view/photo/s_ratio_poster/public/p2153135246.jpg']]
[['Arch Enemy: Tyrants of the Rising Sun', ['9.6'], '日本', '剧情', 'https://movie.douban.com/subject/4170515/', 'https://img3.doubanio.com/view/subject/l/public/s4078391.jpg']]
[['银魂：白夜叉降诞预告', ['9.5'], '日本', '剧情', 'https://movie.douban.com/subject/4236817/', 'https://img1.doubanio.com/view/photo/s_ratio_poster/public/p2214620528.jpg']]
[['银魂：无论什么事开始虽然重要但伸个懒腰的话也不错', ['9.5'], '日本', '剧情', 'https://movie.douban.com/subject/4116936/', 'https://img3.doubanio.com/view/photo/s_ratio_poster/public/p2221047675.jpg']]
[['北国之恋：2002遗言', ['9.5'], '日本', '剧情', 'https://movie.douban.com/subject/2025137/', 'https://img1.doubanio.com/view/photo/s_ratio_poster/public/p2508558327.jpg']]
[['北国之恋：1987初恋', ['9.5'], '日本', '剧情', 'https://movie.douban.com/subject/3794147/', 'https://img3.doubanio.com/view/photo/s_ratio_poster/public/p2472830331.jpg']]
[['北国之恋：1984夏天', ['9.5'], '日本', '剧情', 'https://movie.douban.com/subject/3794146/', 'https://img3.doubanio.com/view/photo/s_ratio_poster/public/p2472828763.jpg']]
[['北国之恋：1995秘密', ['9.5'], '日本', '剧情', 'https://movie.douban.com/subject/2025130/', 'https://img3.doubanio.com/view/photo/s_ratio_poster/public/p2508557411.jpg']]
[['北国之恋：1989归乡', ['9.5'], '日本', '剧情', 'https://movie.douban.com/subject/3794149/', 'https://img3.doubanio.com/view/photo/s_ratio_poster/public/p2143869665.jpg']]
[['北国之恋：1998时代', ['9.5'], '日本', '剧情', 'https://movie.douban.com/subject/2025138/', 'https://img3.doubanio.com/view/photo/s_ratio_poster/public/p2323647341.jpg']]
[['转世熏风', ['9.5'], '日本', '剧情', 'https://movie.douban.com/subject/25745644/', 'https://img3.doubanio.com/view/photo/s_ratio_poster/public/p2317900073.jpg']]
[['新世纪福音战士剧场版：Air/真心为你', ['9.4'], '日本', '剧情', 'https://movie.douban.com/subject/1308892/', 'https://img1.doubanio.com/view/photo/s_ratio_poster/public/p2199653749.jpg']]
[['夏目友人帐 第六季 特别篇 铃响的残株', ['9.4'], '日本', '剧情', 'https://movie.douban.com/subject/27121232/', 'https://img3.doubanio.com/view/photo/s_ratio_poster/public/p2497232204.jpg']]
[['北国之恋：1992自立', ['9.4'], '日本', '剧情', 'https://movie.douban.com/subject/2025124/', 'https://img3.doubanio.com/view/photo/s_ratio_poster/public/p2508557701.jpg']]
[['h', ['9.4'], '日本', '剧情', 'https://movie.douban.com/subject/26555978/', 'https://img3.doubanio.com/view/photo/s_ratio_poster/public/p2256610543.jpg']]
[['回忆积木小屋', ['9.3'], '日本', '剧情', 'https://movie.douban.com/subject/3560787/', 'https://img3.doubanio.com/view/photo/s_ratio_poster/public/p2205961264.jpg']]
[['银魂完结篇：直到永远的万事屋', ['9.3'], '日本', '剧情', 'https://movie.douban.com/subject/11615927/', 'https://img3.doubanio.com/view/photo/s_ratio_poster/public/p2258024316.jpg']]
[['虫师 蚀日之翳', ['9.3'], '日本', '剧情', 'https://movie.douban.com/subject/25774760/', 'https://img3.doubanio.com/view/photo/s_ratio_poster/public/p2177142960.jpg']]
[['新世纪福音战士剧场版：复兴', ['9.2'], '日本', '剧情', 'https://movie.douban.com/subject/20458867/', 'https://img3.doubanio.com/view/photo/s_ratio_poster/public/p2227584460.jpg']]
[['夏目友人帐 五 特别篇：一夜酒杯', ['9.3'], '日本', '剧情', 'https://movie.douban.com/subject/27011740/', 'https://img3.doubanio.com/view/photo/s_ratio_poster/public/p2454093081.jpg']]
[['北国之恋：1983冬天', ['9.3'], '日本', '剧情', 'https://movie.douban.com/subject/3794145/', 'https://img1.doubanio.com/view/photo/s_ratio_poster/public/p2472822148.jpg']]
[['出租车', ['9.6'], '韩国', '剧情', 'https://movie.douban.com/subject/26994877/', 'https://img3.doubanio.com/view/photo/s_ratio_poster/public/p2445935214.jpg']]
[['徐谐仁短片“午夜出租车”', [], '韩国', '剧情', 'https://movie.douban.com/subject/25960901/', 'https://img3.doubanio.com/view/photo/s_ratio_poster/public/p2196186376.jpg']]
[['1987：黎明到来的那一天', ['9.5'], '韩国', '剧情', 'https://movie.douban.com/subject/26933690/', 'https://img3.doubanio.com/view/photo/s_ratio_poster/public/p2504540131.jpg']]
[['共犯者们', ['9.3'], '韩国', '剧情', 'https://movie.douban.com/subject/27101775/', 'https://img3.doubanio.com/view/photo/s_ratio_poster/public/p2494631724.jpg']]
[['The Day', ['9.1'], '韩国', '剧情', 'https://movie.douban.com/subject/10527280/', 'https://img3.doubanio.com/view/photo/s_ratio_poster/public/p2166936751.jpg']]
[['出租车司机冒险记', ['9.2'], '韩国', '剧情', 'https://movie.douban.com/subject/4705150/', 'https://img3.doubanio.com/view/photo/s_ratio_poster/public/p2502580762.jpg']]
[['辩护人', ['9.1'], '韩国', '剧情', 'https://movie.douban.com/subject/21937445/', 'https://img3.doubanio.com/view/photo/s_ratio_poster/public/p2158166535.jpg']]
[['素媛', ['9.1'], '韩国', '剧情', 'https://movie.douban.com/subject/21937452/', 'https://img3.doubanio.com/view/photo/s_ratio_poster/public/p2118532944.jpg']]
[['一个女人的一生', ['9.1'], '韩国', '剧情', 'https://movie.douban.com/subject/3113812/', 'https://img3.doubanio.com/view/photo/s_ratio_poster/public/p2506745943.jpg']]
[['我爱你', ['9.0'], '韩国', '剧情', 'https://movie.douban.com/subject/5908478/', 'https://img1.doubanio.com/view/photo/s_ratio_poster/public/p1075591188.jpg']]
[['爱・回家', ['9.0'], '韩国', '剧情', 'https://movie.douban.com/subject/1299361/', 'https://img3.doubanio.com/view/photo/s_ratio_poster/public/p2107418134.jpg']]
[['是，大臣 1984圣诞特辑', ['9.8'], '英国', '剧情', 'https://movie.douban.com/subject/26725031/', 'https://img3.doubanio.com/view/photo/s_ratio_poster/public/p2397258764.jpg']]
[['剧院魅影：25周年纪念演出', ['9.7'], '英国', '剧情', 'https://movie.douban.com/subject/24751811/', 'https://img3.doubanio.com/view/photo/s_ratio_poster/public/p2006533765.jpg']]
[['憨豆先生精选辑', ['9.6'], '英国', '剧情', 'https://movie.douban.com/subject/5133063/', 'https://img3.doubanio.com/view/photo/s_ratio_poster/public/p2354179225.jpg']]
[['文艺趣向', ['9.6'], '英国', '剧情', 'https://movie.douban.com/subject/26637592/', 'https://img3.doubanio.com/view/photo/s_ratio_poster/public/p2325812941.jpg']]
[['时空冒险', ['9.5'], '英国', '剧情', 'https://movie.douban.com/subject/24298647/', 'https://img3.doubanio.com/view/photo/s_ratio_poster/public/p2173858926.jpg']]
[['天使在美国第二部：重建', ['9.6'], '英国', '剧情', 'https://movie.douban.com/subject/27045950/', 'https://img3.doubanio.com/view/photo/s_ratio_poster/public/p2474462430.jpg']]
[['绿洲MTV不插电演唱会', ['9.5'], '英国', '剧情', 'https://movie.douban.com/subject/3827301/', 'https://img3.doubanio.com/view/subject/l/public/s4099993.jpg']]
[['唐顿庄园：2015圣诞特别篇', ['9.4'], '英国', '剧情', 'https://movie.douban.com/subject/26320001/', 'https://img3.doubanio.com/view/photo/s_ratio_poster/public/p2292519115.jpg']]
[['神秘博士特别篇：时间尽头(下)', ['9.3'], '英国', '剧情', 'https://movie.douban.com/subject/4215755/', 'https://img1.doubanio.com/view/photo/s_ratio_poster/public/p2151699747.jpg']]
[['弗兰肯斯坦', ['9.4'], '英国', '剧情', 'https://movie.douban.com/subject/10508921/', 'https://img3.doubanio.com/view/photo/s_ratio_poster/public/p2252273146.jpg']]
[['控方证人', ['9.4'], '英国', '剧情', 'https://movie.douban.com/subject/5294851/', 'https://img3.doubanio.com/view/photo/s_ratio_poster/public/p2367853261.jpg']]
[['神秘博士2005慈善特辑：帮助儿童', ['9.4'], '英国', '剧情', 'https://movie.douban.com/subject/10577674/', 'https://img3.doubanio.com/view/photo/s_ratio_poster/public/p1826505672.jpg']]
[['博弈论', ['9.4'], '英国', '剧情', 'https://movie.douban.com/subject/3272459/', 'https://img3.doubanio.com/view/photo/s_ratio_poster/public/p2254959230.jpg']]
[['跳出我天地音乐剧', ['9.4'], '英国', '剧情', 'https://movie.douban.com/subject/26264388/', 'https://img3.doubanio.com/view/photo/s_ratio_poster/public/p2215874393.jpg']]
[['天使在美国第一部：千禧年降临', ['9.4'], '英国', '剧情', 'https://movie.douban.com/subject/27021257/', 'https://img3.doubanio.com/view/photo/s_ratio_poster/public/p2455727120.jpg']]
[['保罗・爱丁顿：好人一生', ['9.4'], '英国', '剧情', 'https://movie.douban.com/subject/5990158/', 'https://img3.doubanio.com/view/subject/l/public/s4644832.jpg']]
[['Christina Aguilera: Back to Basics - Live and Down Under', ['9.4'], '英国', '剧情', 'https://movie.douban.com/subject/3060405/', 'https://img3.doubanio.com/view/photo/s_ratio_poster/public/p2498697744.jpg']]
[['h', ['9.4'], '英国', '剧情', 'https://movie.douban.com/subject/26555978/', 'https://img3.doubanio.com/view/photo/s_ratio_poster/public/p2256610543.jpg']]
[['盗梦空间', ['9.3'], '英国', '剧情', 'https://movie.douban.com/subject/3541415/', 'https://img3.doubanio.com/view/photo/s_ratio_poster/public/p513344864.jpg']]
[['极品基老伴：完结篇', ['9.3'], '英国', '剧情', 'https://movie.douban.com/subject/26700818/', 'https://img3.doubanio.com/view/photo/s_ratio_poster/public/p2360539785.jpg']]
[['这个杀手不太冷', ['9.4'], '法国', '剧情', 'https://movie.douban.com/subject/1295644/', 'https://img3.doubanio.com/view/photo/s_ratio_poster/public/p511118051.jpg']]
[['巴黎圣母院', ['9.3'], '法国', '剧情', 'https://movie.douban.com/subject/20326557/', 'https://img3.doubanio.com/view/photo/s_ratio_poster/public/p2329626263.jpg']]
[['The Work of Director Michel Gondry', ['9.3'], '法国', '剧情', 'https://movie.douban.com/subject/1400646/', 'https://img3.doubanio.com/view/photo/s_ratio_poster/public/p2515063983.jpg']]
[['罗密欧与朱丽叶', ['9.3'], '法国', '剧情', 'https://movie.douban.com/subject/25928148/', 'https://img3.doubanio.com/view/photo/s_ratio_poster/public/p2224933614.jpg']]
[['冰上卡门', ['9.3'], '法国', '剧情', 'https://movie.douban.com/subject/1998081/', 'https://img3.doubanio.com/view/subject/l/public/s4044014.jpg']]
[['放牛班的春天', ['9.2'], '法国', '剧情', 'https://movie.douban.com/subject/1291549/', 'https://img3.doubanio.com/view/photo/s_ratio_poster/public/p1910824951.jpg']]
[['调音师', ['9.2'], '法国', '剧情', 'https://movie.douban.com/subject/6846495/', 'https://img1.doubanio.com/view/photo/s_ratio_poster/public/p1529066859.jpg']]
[['洞', ['9.2'], '法国', '剧情', 'https://movie.douban.com/subject/1424334/', 'https://img1.doubanio.com/view/photo/s_ratio_poster/public/p2497389079.jpg']]
[['土豆工厂', ['9.2'], '法国', '剧情', 'https://movie.douban.com/subject/1793083/', 'https://img3.doubanio.com/view/photo/s_ratio_poster/public/p2233036824.jpg']]
[['触不可及', ['9.1'], '法国', '剧情', 'https://movie.douban.com/subject/6786002/', 'https://img3.doubanio.com/view/photo/s_ratio_poster/public/p1454261925.jpg']]
[['天堂电影院', ['9.1'], '法国', '剧情', 'https://movie.douban.com/subject/1291828/', 'https://img3.doubanio.com/view/photo/s_ratio_poster/public/p1910901025.jpg']]
[['雇佣人生', ['9.1'], '法国', '剧情', 'https://movie.douban.com/subject/3823425/', 'https://img3.doubanio.com/view/photo/s_ratio_poster/public/p2027109343.jpg']]
[['地下', ['9.1'], '法国', '剧情', 'https://movie.douban.com/subject/1292206/', 'https://img3.doubanio.com/view/photo/s_ratio_poster/public/p1833776334.jpg']]
[['熊的故事', ['9.1'], '法国', '剧情', 'https://movie.douban.com/subject/1300334/', 'https://img3.doubanio.com/view/photo/s_ratio_poster/public/p2454268056.jpg']]
[['卡门', ['9.1'], '法国', '剧情', 'https://movie.douban.com/subject/1448669/', 'https://img3.doubanio.com/view/photo/s_ratio_poster/public/p2500317262.jpg']]
[['奥菲欧与尤丽狄茜', ['9.1'], '法国', '剧情', 'https://movie.douban.com/subject/2999288/', 'https://img3.doubanio.com/view/photo/s_ratio_poster/public/p2186607455.jpg']]
[['钢琴家', ['9.0'], '法国', '剧情', 'https://movie.douban.com/subject/1296736/', 'https://img3.doubanio.com/view/photo/s_ratio_poster/public/p792484461.jpg']]
[['精神分裂症', ['9.0'], '法国', '剧情', 'https://movie.douban.com/subject/3262918/', 'https://img3.doubanio.com/view/photo/s_ratio_poster/public/p857148064.jpg']]
[['沉静如海', ['9.0'], '法国', '剧情', 'https://movie.douban.com/subject/1769507/', 'https://img3.doubanio.com/view/photo/s_ratio_poster/public/p2365157916.jpg']]
[['卡比利亚之夜', ['9.0'], '法国', '剧情', 'https://movie.douban.com/subject/1294781/', 'https://img3.doubanio.com/view/photo/s_ratio_poster/public/p922159253.jpg']]
[['伊丽莎白', ['9.6'], '德国', '剧情', 'https://movie.douban.com/subject/24877005/', 'https://img3.doubanio.com/view/photo/s_ratio_poster/public/p2264336223.jpg']]
[['Christina Aguilera: Back to Basics - Live and Down Under', ['9.4'], '德国', '剧情', 'https://movie.douban.com/subject/3060405/', 'https://img3.doubanio.com/view/photo/s_ratio_poster/public/p2498697744.jpg']]
[['冰上卡门', ['9.3'], '德国', '剧情', 'https://movie.douban.com/subject/1998081/', 'https://img3.doubanio.com/view/subject/l/public/s4044014.jpg']]
[['放牛班的春天', ['9.2'], '德国', '剧情', 'https://movie.douban.com/subject/1291549/', 'https://img3.doubanio.com/view/photo/s_ratio_poster/public/p1910824951.jpg']]
[['塞维利亚的理发师', ['9.2'], '德国', '剧情', 'https://movie.douban.com/subject/1772046/', 'https://img3.doubanio.com/view/subject/l/public/s1643193.jpg']]
[['祖母的照相馆', ['9.2'], '德国', '剧情', 'https://movie.douban.com/subject/11587751/', 'https://img3.doubanio.com/view/photo/s_ratio_poster/public/p1659366674.jpg']]
[['布兰诗歌', ['9.3'], '德国', '剧情', 'https://movie.douban.com/subject/3711072/', 'https://img3.doubanio.com/view/subject/l/public/s3764132.jpg']]
[['窃听风暴', ['9.1'], '德国', '剧情', 'https://movie.douban.com/subject/1900841/', 'https://img1.doubanio.com/view/photo/s_ratio_poster/public/p1808872109.jpg']]
[['地下', ['9.1'], '德国', '剧情', 'https://movie.douban.com/subject/1292206/', 'https://img3.doubanio.com/view/photo/s_ratio_poster/public/p1833776334.jpg']]
[['费加罗的婚礼', ['9.1'], '德国', '剧情', 'https://movie.douban.com/subject/1797500/', 'https://img1.doubanio.com/view/photo/s_ratio_poster/public/p2272483089.jpg']]
[['奥菲欧与尤丽狄茜', ['9.1'], '德国', '剧情', 'https://movie.douban.com/subject/2999288/', 'https://img3.doubanio.com/view/photo/s_ratio_poster/public/p2186607455.jpg']]
[['金秋：与时间赛跑', ['9.1'], '德国', '剧情', 'https://movie.douban.com/subject/5152067/', 'https://img3.doubanio.com/view/subject/l/public/s7020675.jpg']]
[['钢琴家', ['9.0'], '德国', '剧情', 'https://movie.douban.com/subject/1296736/', 'https://img3.doubanio.com/view/photo/s_ratio_poster/public/p792484461.jpg']]
[['海蒂和爷爷', ['9.0'], '德国', '剧情', 'https://movie.douban.com/subject/25958717/', 'https://img1.doubanio.com/view/photo/s_ratio_poster/public/p2378964107.jpg']]
[['平衡', ['9.0'], '德国', '剧情', 'https://movie.douban.com/subject/1408100/', 'https://img1.doubanio.com/view/photo/s_ratio_poster/public/p2454473678.jpg']]
[['沉静如海', ['9.0'], '德国', '剧情', 'https://movie.douban.com/subject/1769507/', 'https://img3.doubanio.com/view/photo/s_ratio_poster/public/p2365157916.jpg']]
[['从海底出击', ['9.0'], '德国', '剧情', 'https://movie.douban.com/subject/1293909/', 'https://img3.doubanio.com/view/photo/s_ratio_poster/public/p2088879323.jpg']]
[['纽伦堡的审判', ['9.0'], '德国', '剧情', 'https://movie.douban.com/subject/1292589/', 'https://img3.doubanio.com/view/photo/s_ratio_poster/public/p922207281.jpg']]
[['威尔第 歌剧电影《弄臣》', ['9.0'], '德国', '剧情', 'https://movie.douban.com/subject/1443651/', 'https://img3.doubanio.com/view/subject/l/public/s1459982.jpg']]
[['爱尔丝小姐', ['9.0'], '德国', '剧情', 'https://movie.douban.com/subject/2084602/', 'https://img1.doubanio.com/view/photo/s_ratio_poster/public/p2153966838.jpg']]
[['美丽人生', ['9.5'], '意大利', '剧情', 'https://movie.douban.com/subject/1292063/', 'https://img3.doubanio.com/view/photo/s_ratio_poster/public/p510861873.jpg']]
[['灿烂人生', ['9.3'], '意大利', '剧情', 'https://movie.douban.com/subject/1291831/', 'https://img3.doubanio.com/view/photo/s_ratio_poster/public/p1161132422.jpg']]
[['海上钢琴师', ['9.2'], '意大利', '剧情', 'https://movie.douban.com/subject/1292001/', 'https://img1.doubanio.com/view/photo/s_ratio_poster/public/p511146807.jpg']]
[['洞', ['9.2'], '意大利', '剧情', 'https://movie.douban.com/subject/1424334/', 'https://img1.doubanio.com/view/photo/s_ratio_poster/public/p2497389079.jpg']]
[['塞维利亚的理发师', ['9.2'], '意大利', '剧情', 'https://movie.douban.com/subject/1772046/', 'https://img3.doubanio.com/view/subject/l/public/s1643193.jpg']]
[['天堂电影院', ['9.1'], '意大利', '剧情', 'https://movie.douban.com/subject/1291828/', 'https://img3.doubanio.com/view/photo/s_ratio_poster/public/p1910901025.jpg']]
[['美国往事', ['9.1'], '意大利', '剧情', 'https://movie.douban.com/subject/1292262/', 'https://img1.doubanio.com/view/photo/s_ratio_poster/public/p477229647.jpg']]
[['黄金三镖客', ['9.1'], '意大利', '剧情', 'https://movie.douban.com/subject/1401118/', 'https://img1.doubanio.com/view/photo/s_ratio_poster/public/p2101693489.jpg']]
[['革命往事', ['9.1'], '意大利', '剧情', 'https://movie.douban.com/subject/1301026/', 'https://img1.doubanio.com/view/photo/s_ratio_poster/public/p2206010357.jpg']]
[['费加罗的婚礼', ['9.1'], '意大利', '剧情', 'https://movie.douban.com/subject/1797500/', 'https://img1.doubanio.com/view/photo/s_ratio_poster/public/p2272483089.jpg']]
[['莫扎特 歌剧《唐・乔万尼》（唐璜）', ['9.1'], '意大利', '剧情', 'https://movie.douban.com/subject/1877242/', 'https://img3.doubanio.com/view/subject/l/public/s1812251.jpg']]
[['卡比利亚之夜', ['9.0'], '意大利', '剧情', 'https://movie.douban.com/subject/1294781/', 'https://img3.doubanio.com/view/photo/s_ratio_poster/public/p922159253.jpg']]
[['流浪者之歌', ['9.0'], '意大利', '剧情', 'https://movie.douban.com/subject/1303525/', 'https://img3.doubanio.com/view/photo/s_ratio_poster/public/p2267333084.jpg']]
[['海蒂', ['9.0'], '意大利', '剧情', 'https://movie.douban.com/subject/1925081/', 'https://img3.doubanio.com/view/photo/s_ratio_poster/public/p2270779943.jpg']]
[['罗马11时', ['9.0'], '意大利', '剧情', 'https://movie.douban.com/subject/1466243/', 'https://img3.doubanio.com/view/photo/s_ratio_poster/public/p2230837721.jpg']]
[['威尔第 歌剧电影《弄臣》', ['9.0'], '意大利', '剧情', 'https://movie.douban.com/subject/1443651/', 'https://img3.doubanio.com/view/subject/l/public/s1459982.jpg']]
[['铁路员工', ['9.0'], '意大利', '剧情', 'https://movie.douban.com/subject/1306166/', 'https://img3.doubanio.com/view/photo/s_ratio_poster/public/p2417257193.jpg']]
[['塔可夫斯基的潜行者', ['9.5'], '西班牙', '剧情', 'https://movie.douban.com/subject/4100973/', 'https://img3.doubanio.com/view/photo/s_ratio_poster/public/p2153601890.jpg']]
[['黄金三镖客', ['9.1'], '西班牙', '剧情', 'https://movie.douban.com/subject/1401118/', 'https://img1.doubanio.com/view/photo/s_ratio_poster/public/p2101693489.jpg']]
[['三傻大闹宝莱坞', ['9.2'], '印度', '剧情', 'https://movie.douban.com/subject/3793023/', 'https://img3.doubanio.com/view/photo/s_ratio_poster/public/p579729551.jpg']]
[['摔跤吧！爸爸', ['9.1'], '印度', '剧情', 'https://movie.douban.com/subject/26387939/', 'https://img3.doubanio.com/view/photo/s_ratio_poster/public/p2457983084.jpg']]
[['塔可夫斯基的潜行者', ['9.5'], '俄罗斯', '剧情', 'https://movie.douban.com/subject/4100973/', 'https://img3.doubanio.com/view/photo/s_ratio_poster/public/p2153601890.jpg']]
[['战争与和平3：1812年', ['9.2'], '俄罗斯', '剧情', 'https://movie.douban.com/subject/1303079/', 'https://img1.doubanio.com/view/photo/s_ratio_poster/public/p2511436818.jpg']]
[['青春禁忌游戏', ['9.2'], '俄罗斯', '剧情', 'https://movie.douban.com/subject/4264111/', 'https://img3.doubanio.com/view/subject/l/public/s7063443.jpg']]
[['小猫虎子', ['9.1'], '俄罗斯', '剧情', 'https://movie.douban.com/subject/2173840/', 'https://img1.doubanio.com/view/photo/s_ratio_poster/public/p2376412788.jpg']]
[['战争与和平2：娜塔莎・罗斯托娃', ['9.1'], '俄罗斯', '剧情', 'https://movie.douban.com/subject/1303712/', 'https://img1.doubanio.com/view/photo/s_ratio_poster/public/p2511436787.jpg']]
[['战争与和平4：皮埃尔・别祖霍夫', ['9.1'], '俄罗斯', '剧情', 'https://movie.douban.com/subject/1297822/', 'https://img3.doubanio.com/view/photo/s_ratio_poster/public/p2511436826.jpg']]
[['士兵之歌', ['9.0'], '俄罗斯', '剧情', 'https://movie.douban.com/subject/1295614/', 'https://img1.doubanio.com/view/photo/s_ratio_poster/public/p806332287.jpg']]
[['战争与和平', ['9.0'], '俄罗斯', '剧情', 'https://movie.douban.com/subject/1307067/', 'https://img3.doubanio.com/view/photo/s_ratio_poster/public/p2074409805.jpg']]
[['我是古巴', ['9.0'], '俄罗斯', '剧情', 'https://movie.douban.com/subject/1432669/', 'https://img3.doubanio.com/view/photo/s_ratio_poster/public/p2232357924.jpg']]
[['白比姆黑耳朵', ['9.0'], '俄罗斯', '剧情', 'https://movie.douban.com/subject/1465465/', 'https://img3.doubanio.com/view/photo/s_ratio_poster/public/p2511429860.jpg']]
[['战争与和平1：安德烈・博尔孔斯基', ['9.0'], '俄罗斯', '剧情', 'https://movie.douban.com/subject/1298257/', 'https://img3.doubanio.com/view/photo/s_ratio_poster/public/p2511436741.jpg']]
[['娜斯佳和她的父亲们', ['9.0'], '俄罗斯', '剧情', 'https://movie.douban.com/subject/4040438/', 'https://img3.doubanio.com/view/photo/s_ratio_poster/public/p2190397911.jpg']]
[['小鞋子', ['9.2'], '伊朗', '剧情', 'https://movie.douban.com/subject/1303021/', 'https://img3.doubanio.com/view/photo/s_ratio_poster/public/p2173580603.jpg']]
[['星际穿越', ['9.2'], '加拿大', '剧情', 'https://movie.douban.com/subject/1889243/', 'https://img3.doubanio.com/view/photo/s_ratio_poster/public/p2206088801.jpg']]
[['清秀佳人第二部', ['9.2'], '加拿大', '剧情', 'https://movie.douban.com/subject/5047697/', 'https://img3.doubanio.com/view/photo/s_ratio_poster/public/p1968503455.jpg']]
[['太阳马戏团：魔幻森林', ['9.2'], '加拿大', '剧情', 'https://movie.douban.com/subject/1451478/', 'https://img3.doubanio.com/view/photo/s_ratio_poster/public/p1472780643.jpg']]
[['车轮不息', ['9.1'], '加拿大', '剧情', 'https://movie.douban.com/subject/19955871/', 'https://img3.doubanio.com/view/photo/s_ratio_poster/public/p1820625966.jpg']]
[['小丘月圆', ['9.1'], '加拿大', '剧情', 'https://movie.douban.com/subject/1302752/', 'https://img3.doubanio.com/view/photo/s_ratio_poster/public/p2334104591.jpg']]
[['少年派的奇幻漂流', ['9.0'], '加拿大', '剧情', 'https://movie.douban.com/subject/1929463/', 'https://img3.doubanio.com/view/photo/s_ratio_poster/public/p1784592701.jpg']]
[['彩虹', ['9.0'], '加拿大', '剧情', 'https://movie.douban.com/subject/1971485/', 'https://img3.doubanio.com/view/photo/s_ratio_poster/public/p503390374.jpg']]
[['大海的孩子', ['9.0'], '加拿大', '剧情', 'https://movie.douban.com/subject/3274441/', 'https://img3.doubanio.com/view/photo/s_ratio_poster/public/p2206274006.jpg']]
[['负重前行', ['9.1'], '澳大利亚', '剧情', 'https://movie.douban.com/subject/26793157/', 'https://img1.doubanio.com/view/photo/s_ratio_poster/public/p2495304867.jpg']]
[['土豆工厂', ['9.2'], '澳大利亚', '剧情', 'https://movie.douban.com/subject/1793083/', 'https://img3.doubanio.com/view/photo/s_ratio_poster/public/p2233036824.jpg']]
[['奥菲欧与尤丽狄茜', ['9.1'], '澳大利亚', '剧情', 'https://movie.douban.com/subject/2999288/', 'https://img3.doubanio.com/view/photo/s_ratio_poster/public/p2186607455.jpg']]
[['Arch Enemy: Tyrants of the Rising Sun', ['9.6'], '瑞典', '剧情', 'https://movie.douban.com/subject/4170515/', 'https://img3.doubanio.com/view/subject/l/public/s4078391.jpg']]
[['爱玛和丹尼尔的夏天', ['9.2'], '瑞典', '剧情', 'https://movie.douban.com/subject/2258917/', 'https://img1.doubanio.com/view/subject/l/public/s2704847.jpg']]
[['狩猎', ['9.0'], '瑞典', '剧情', 'https://movie.douban.com/subject/6985810/', 'https://img1.doubanio.com/view/photo/s_ratio_poster/public/p1546987967.jpg']]
[['后院', ['9.0'], '瑞典', '剧情', 'https://movie.douban.com/subject/6539394/', 'https://img3.doubanio.com/view/subject/l/public/s6938232.jpg']]
[['垃圾场中仙乐扬', ['8.9'], '巴西', '剧情', 'https://movie.douban.com/subject/20443027/', 'https://img3.doubanio.com/view/photo/s_ratio_poster/public/p2282366003.jpg']]
[['狩猎', ['9.0'], '丹麦', '剧情', 'https://movie.douban.com/subject/6985810/', 'https://img1.doubanio.com/view/photo/s_ratio_poster/public/p1546987967.jpg']]
[['克拉姆一家', ['9.0'], '丹麦', '剧情', 'https://movie.douban.com/subject/1769053/', 'https://img3.doubanio.com/view/photo/s_ratio_poster/public/p2511779823.jpg']]
[['牡丹亭', ['9.4'], '大陆', '爱情', 'https://movie.douban.com/subject/4731050/', 'https://img1.doubanio.com/view/photo/s_ratio_poster/public/p2365538258.jpg']]
[['狐妖小红娘剧场版：王权富贵', ['9.2'], '大陆', '爱情', 'https://movie.douban.com/subject/26946612/', 'https://img3.doubanio.com/view/photo/s_ratio_poster/public/p2409467410.jpg']]
[['狐妖小红娘剧场版：月红篇', ['9.2'], '大陆', '爱情', 'https://movie.douban.com/subject/26972694/', 'https://img3.doubanio.com/view/photo/s_ratio_poster/public/p2427045524.jpg']]
[['红楼梦', ['9.1'], '大陆', '爱情', 'https://movie.douban.com/subject/1329969/', 'https://img3.doubanio.com/view/photo/s_ratio_poster/public/p2322451692.jpg']]
[['花为媒', ['9.1'], '大陆', '爱情', 'https://movie.douban.com/subject/2357317/', 'https://img3.doubanio.com/view/photo/s_ratio_poster/public/p2173058450.jpg']]
[['金花路5号', ['9.1'], '大陆', '爱情', 'https://movie.douban.com/subject/2282452/', 'https://img3.doubanio.com/view/photo/s_ratio_poster/public/p1961367162.jpg']]
[['芙蓉镇', ['9.0'], '大陆', '爱情', 'https://movie.douban.com/subject/1297880/', 'https://img3.doubanio.com/view/photo/s_ratio_poster/public/p2184544013.jpg']]
[['绝不松开我的拳头', ['9.0'], '大陆', '爱情', 'https://movie.douban.com/subject/26199883/', 'https://img1.doubanio.com/view/photo/s_ratio_poster/public/p2207905589.jpg']]
[['控方证人', ['9.6'], '美国', '爱情', 'https://movie.douban.com/subject/1296141/', 'https://img1.doubanio.com/view/photo/s_ratio_poster/public/p1505392928.jpg']]
[['威尔和格蕾丝 告别秀', ['9.6'], '美国', '爱情', 'https://movie.douban.com/subject/2263259/', 'https://img1.doubanio.com/view/photo/s_ratio_poster/public/p2408281629.jpg']]
[['迈克尔・杰克逊：音乐历史专辑全集', ['9.6'], '美国', '爱情', 'https://movie.douban.com/subject/2122919/', 'https://img3.doubanio.com/view/subject/l/public/s2541232.jpg']]
[['迈克尔・杰克逊：专辑历史记录第二辑', ['9.6'], '美国', '爱情', 'https://movie.douban.com/subject/1857382/', 'https://img1.doubanio.com/view/subject/l/public/s4145497.jpg']]
[['NBA黄金50周年纪念特辑', ['9.6'], '美国', '爱情', 'https://movie.douban.com/subject/3145883/', 'https://img3.doubanio.com/view/photo/s_ratio_poster/public/p2381286642.jpg']]
[['天使在美国第二部：重建', ['9.6'], '美国', '爱情', 'https://movie.douban.com/subject/27045950/', 'https://img3.doubanio.com/view/photo/s_ratio_poster/public/p2474462430.jpg']]
[['阿甘正传', ['9.4'], '美国', '爱情', 'https://movie.douban.com/subject/1292720/', 'https://img1.doubanio.com/view/photo/s_ratio_poster/public/p510876377.jpg']]
[['福尔摩斯二世', ['9.4'], '美国', '爱情', 'https://movie.douban.com/subject/1303408/', 'https://img1.doubanio.com/view/photo/s_ratio_poster/public/p2206737207.jpg']]
[['天使在美国第一部：千禧年降临', ['9.4'], '美国', '爱情', 'https://movie.douban.com/subject/27021257/', 'https://img3.doubanio.com/view/photo/s_ratio_poster/public/p2455727120.jpg']]
[['snorks', ['9.4'], '美国', '爱情', 'https://movie.douban.com/subject/1863428/', 'https://img3.doubanio.com/view/subject/l/public/s1796635.jpg']]
[['盗梦空间', ['9.3'], '美国', '爱情', 'https://movie.douban.com/subject/3541415/', 'https://img3.doubanio.com/view/photo/s_ratio_poster/public/p513344864.jpg']]
[['机器人总动员', ['9.3'], '美国', '爱情', 'https://movie.douban.com/subject/2131459/', 'https://img3.doubanio.com/view/photo/s_ratio_poster/public/p1461851991.jpg']]
[['AFI终身成就奖：向梅丽尔・斯特里普致敬', ['9.3'], '美国', '爱情', 'https://movie.douban.com/subject/5217322/', 'https://img1.doubanio.com/view/subject/l/public/s4475928.jpg']]
[['泰坦尼克号', ['9.2'], '美国', '爱情', 'https://movie.douban.com/subject/1292722/', 'https://img3.doubanio.com/view/photo/s_ratio_poster/public/p457760035.jpg']]
[['海上钢琴师', ['9.2'], '美国', '爱情', 'https://movie.douban.com/subject/1292001/', 'https://img1.doubanio.com/view/photo/s_ratio_poster/public/p511146807.jpg']]
[['疯狂动物城', ['9.2'], '美国', '爱情', 'https://movie.douban.com/subject/25662329/', 'https://img1.doubanio.com/view/photo/s_ratio_poster/public/p2315672647.jpg']]
[['乱世佳人', ['9.2'], '美国', '爱情', 'https://movie.douban.com/subject/1300267/', 'https://img3.doubanio.com/view/photo/s_ratio_poster/public/p1963126880.jpg']]
[['摩登时代', ['9.2'], '美国', '爱情', 'https://movie.douban.com/subject/1294371/', 'https://img3.doubanio.com/view/photo/s_ratio_poster/public/p2173707976.jpg']]
[['城市之光', ['9.2'], '美国', '爱情', 'https://movie.douban.com/subject/1293908/', 'https://img3.doubanio.com/view/photo/s_ratio_poster/public/p2099815842.jpg']]
[['生活多美好', ['9.2'], '美国', '爱情', 'https://movie.douban.com/subject/1293749/', 'https://img1.doubanio.com/view/photo/s_ratio_poster/public/p771490367.jpg']]
[['霸王别姬', ['9.5'], '香港', '爱情', 'https://movie.douban.com/subject/1291546/', 'https://img3.doubanio.com/view/photo/s_ratio_poster/public/p1910813120.jpg']]
[['蝶影红梨记', ['9.4'], '香港', '爱情', 'https://movie.douban.com/subject/4047730/', 'https://img3.doubanio.com/view/photo/s_ratio_poster/public/p2388820490.jpg']]
[['紫钗记', ['9.3'], '香港', '爱情', 'https://movie.douban.com/subject/1401219/', 'https://img1.doubanio.com/view/photo/s_ratio_poster/public/p2274298717.jpg']]
[['大话西游之大圣娶亲', ['9.2'], '香港', '爱情', 'https://movie.douban.com/subject/1292213/', 'https://img3.doubanio.com/view/photo/s_ratio_poster/public/p2455050536.jpg']]
[['南海十三郎', ['9.1'], '香港', '爱情', 'https://movie.douban.com/subject/1303913/', 'https://img1.doubanio.com/view/photo/s_ratio_poster/public/p2328424489.jpg']]
[['幸福的旁边', ['9.1'], '香港', '爱情', 'https://movie.douban.com/subject/26879897/', 'https://img3.doubanio.com/view/photo/s_ratio_poster/public/p2503447611.jpg']]
[['上海滩', ['9.0'], '香港', '爱情', 'https://movie.douban.com/subject/6311260/', 'https://img3.doubanio.com/view/photo/s_ratio_poster/public/p2344833803.jpg']]
[['莫文蔚: 好莫文蔚巡演唱', ['9.5'], '台湾', '爱情', 'https://movie.douban.com/subject/4314336/', 'https://img3.doubanio.com/view/subject/l/public/s4199506.jpg']]
[['冲天', ['9.2'], '台湾', '爱情', 'https://movie.douban.com/subject/26602234/', 'https://img3.doubanio.com/view/photo/s_ratio_poster/public/p2279974285.jpg']]
[['饮食男女', ['9.1'], '台湾', '爱情', 'https://movie.douban.com/subject/1291818/', 'https://img3.doubanio.com/view/photo/s_ratio_poster/public/p1910899751.jpg']]
[['KinKi Kids 你不在身边的夏天 songs', ['9.8'], '日本', '爱情', 'https://movie.douban.com/subject/27605662/', 'https://img3.doubanio.com/view/photo/s_ratio_poster/public/p2507748550.jpg']]
[['人生果实', ['9.6'], '日本', '爱情', 'https://movie.douban.com/subject/26874505/', 'https://img3.doubanio.com/view/photo/s_ratio_poster/public/p2511465254.jpg']]
[['Me and My Girl', ['9.6'], '日本', '爱情', 'https://movie.douban.com/subject/11577118/', 'https://img3.doubanio.com/view/photo/s_ratio_poster/public/p2510934952.jpg']]
[['KinKi Kids ～硝子の少年_の「今」～', ['9.6'], '日本', '爱情', 'https://movie.douban.com/subject/26920950/', 'https://img1.doubanio.com/view/photo/s_ratio_poster/public/p2399937958.jpg']]
[['北国之恋：1987初恋', ['9.5'], '日本', '爱情', 'https://movie.douban.com/subject/3794147/', 'https://img3.doubanio.com/view/photo/s_ratio_poster/public/p2472830331.jpg']]
[['北国之恋：1989归乡', ['9.5'], '日本', '爱情', 'https://movie.douban.com/subject/3794149/', 'https://img3.doubanio.com/view/photo/s_ratio_poster/public/p2143869665.jpg']]
[['h', ['9.4'], '日本', '爱情', 'https://movie.douban.com/subject/26555978/', 'https://img3.doubanio.com/view/photo/s_ratio_poster/public/p2256610543.jpg']]
[['回忆积木小屋', ['9.3'], '日本', '爱情', 'https://movie.douban.com/subject/3560787/', 'https://img3.doubanio.com/view/photo/s_ratio_poster/public/p2205961264.jpg']]
[['千与千寻', ['9.2'], '日本', '爱情', 'https://movie.douban.com/subject/1291561/', 'https://img3.doubanio.com/view/photo/s_ratio_poster/public/p1606727862.jpg']]
[['奥丁领域', ['9.2'], '日本', '爱情', 'https://movie.douban.com/subject/5450837/', 'https://img3.doubanio.com/view/photo/s_ratio_poster/public/p784512610.jpg']]
[['最完美的离婚 2014特别篇', ['9.1'], '日本', '爱情', 'https://movie.douban.com/subject/25790749/', 'https://img1.doubanio.com/view/photo/s_ratio_poster/public/p2186872257.jpg']]
[['女人步上楼梯时', ['9.1'], '日本', '爱情', 'https://movie.douban.com/subject/1419479/', 'https://img1.doubanio.com/view/photo/s_ratio_poster/public/p1805354637.jpg']]
[['命运石之门：横行跋扈的浪荡之徒', ['9.1'], '日本', '爱情', 'https://movie.douban.com/subject/10521690/', 'https://img3.doubanio.com/view/photo/s_ratio_poster/public/p1432532161.jpg']]
[['倒数第二次恋爱 2012秋SP', ['9.1'], '日本', '爱情', 'https://movie.douban.com/subject/19955789/', 'https://img3.doubanio.com/view/photo/s_ratio_poster/public/p1998695160.jpg']]
[['情迷意乱', ['9.1'], '日本', '爱情', 'https://movie.douban.com/subject/1422091/', 'https://img3.doubanio.com/view/photo/s_ratio_poster/public/p1449763371.jpg']]
[['蜂蜜与四叶草 LF特别篇', ['9.1'], '日本', '爱情', 'https://movie.douban.com/subject/6733294/', 'https://img1.doubanio.com/view/photo/s_ratio_poster/public/p2509581309.jpg']]
[['元气少女缘结神OVA：神明 幸福美满', ['9.1'], '日本', '爱情', 'https://movie.douban.com/subject/26899000/', 'https://img3.doubanio.com/view/photo/s_ratio_poster/public/p2391890320.jpg']]
[['天空之城', ['9.0'], '日本', '爱情', 'https://movie.douban.com/subject/1291583/', 'https://img1.doubanio.com/view/photo/s_ratio_poster/public/p1446261379.jpg']]
[['高智能方程式赛车 TV总集篇', ['9.0'], '日本', '爱情', 'https://movie.douban.com/subject/4906417/', 'https://img3.doubanio.com/view/subject/l/public/s4412555.jpg']]
[['放浪男孩OVA 告白 ～Each Seasons～', ['9.0'], '日本', '爱情', 'https://movie.douban.com/subject/6902342/', 'https://img1.doubanio.com/view/photo/s_ratio_poster/public/p2509356959.jpg']]
[['我爱你', ['9.0'], '韩国', '爱情', 'https://movie.douban.com/subject/5908478/', 'https://img1.doubanio.com/view/photo/s_ratio_poster/public/p1075591188.jpg']]
[['地球脉动2：奇迹世界', ['9.8'], '英国', '爱情', 'https://movie.douban.com/subject/27087625/', 'https://img3.doubanio.com/view/photo/s_ratio_poster/public/p2508258590.jpg']]
[['剧院魅影：25周年纪念演出', ['9.7'], '英国', '爱情', 'https://movie.douban.com/subject/24751811/', 'https://img3.doubanio.com/view/photo/s_ratio_poster/public/p2006533765.jpg']]
[['天使在美国第二部：重建', ['9.6'], '英国', '爱情', 'https://movie.douban.com/subject/27045950/', 'https://img3.doubanio.com/view/photo/s_ratio_poster/public/p2474462430.jpg']]
[['吉塞尔', ['9.5'], '英国', '爱情', 'https://movie.douban.com/subject/5156658/', 'https://img1.doubanio.com/view/photo/s_ratio_poster/public/p2253932817.jpg']]
[['唐顿庄园：2015圣诞特别篇', ['9.4'], '英国', '爱情', 'https://movie.douban.com/subject/26320001/', 'https://img3.doubanio.com/view/photo/s_ratio_poster/public/p2292519115.jpg']]
[['天鹅湖', ['9.4'], '英国', '爱情', 'https://movie.douban.com/subject/1421850/', 'https://img1.doubanio.com/view/photo/s_ratio_poster/public/p2512268247.jpg']]
[['天使在美国第一部：千禧年降临', ['9.4'], '英国', '爱情', 'https://movie.douban.com/subject/27021257/', 'https://img3.doubanio.com/view/photo/s_ratio_poster/public/p2455727120.jpg']]
[['h', ['9.4'], '英国', '爱情', 'https://movie.douban.com/subject/26555978/', 'https://img3.doubanio.com/view/photo/s_ratio_poster/public/p2256610543.jpg']]
[['snorks', ['9.4'], '英国', '爱情', 'https://movie.douban.com/subject/1863428/', 'https://img3.doubanio.com/view/subject/l/public/s1796635.jpg']]
[['盗梦空间', ['9.3'], '英国', '爱情', 'https://movie.douban.com/subject/3541415/', 'https://img3.doubanio.com/view/photo/s_ratio_poster/public/p513344864.jpg']]
[['极品基老伴：完结篇', ['9.3'], '英国', '爱情', 'https://movie.douban.com/subject/26700818/', 'https://img3.doubanio.com/view/photo/s_ratio_poster/public/p2360539785.jpg']]
[['凡人与超人', ['9.3'], '英国', '爱情', 'https://movie.douban.com/subject/26637930/', 'https://img3.doubanio.com/view/photo/s_ratio_poster/public/p2342687224.jpg']]
[['无事生非 (2011年伦敦Wyndham剧院版)', ['9.3'], '英国', '爱情', 'https://movie.douban.com/subject/26763132/', 'https://img1.doubanio.com/view/photo/s_ratio_poster/public/p2328040727.jpg']]
[['唐顿庄园：2011圣诞特别篇', ['9.2'], '英国', '爱情', 'https://movie.douban.com/subject/6870362/', 'https://img1.doubanio.com/view/photo/s_ratio_poster/public/p1711501188.jpg']]
[['极品基老伴：2013圣诞特辑', ['9.2'], '英国', '爱情', 'https://movie.douban.com/subject/25758898/', 'https://img3.doubanio.com/view/photo/s_ratio_poster/public/p2187166976.jpg']]
[['博士的女伴', ['9.2'], '英国', '爱情', 'https://movie.douban.com/subject/11625156/', 'https://img3.doubanio.com/view/photo/s_ratio_poster/public/p1876814414.jpg']]
[['清秀佳人第二部', ['9.2'], '英国', '爱情', 'https://movie.douban.com/subject/5047697/', 'https://img3.doubanio.com/view/photo/s_ratio_poster/public/p1968503455.jpg']]
[['胡桃夹子', ['9.2'], '英国', '爱情', 'https://movie.douban.com/subject/5157309/', 'https://img3.doubanio.com/view/photo/s_ratio_poster/public/p1806198510.jpg']]
[['皆大欢喜', ['9.2'], '英国', '爱情', 'https://movie.douban.com/subject/25795905/', 'https://img3.doubanio.com/view/photo/s_ratio_poster/public/p2163632711.jpg']]
[['危险关系', ['9.1'], '英国', '爱情', 'https://movie.douban.com/subject/26745571/', 'https://img3.doubanio.com/view/photo/s_ratio_poster/public/p2328681271.jpg']]
[['吉塞尔', ['9.5'], '法国', '爱情', 'https://movie.douban.com/subject/5156658/', 'https://img1.doubanio.com/view/photo/s_ratio_poster/public/p2253932817.jpg']]
[['法老的女儿', ['9.5'], '法国', '爱情', 'https://movie.douban.com/subject/1899210/', 'https://img3.doubanio.com/view/photo/s_ratio_poster/public/p1076710953.jpg']]
[['这个杀手不太冷', ['9.4'], '法国', '爱情', 'https://movie.douban.com/subject/1295644/', 'https://img3.doubanio.com/view/photo/s_ratio_poster/public/p511118051.jpg']]
[['巴黎圣母院', ['9.3'], '法国', '爱情', 'https://movie.douban.com/subject/20326557/', 'https://img3.doubanio.com/view/photo/s_ratio_poster/public/p2329626263.jpg']]
[['罗密欧与朱丽叶', ['9.3'], '法国', '爱情', 'https://movie.douban.com/subject/25928148/', 'https://img3.doubanio.com/view/photo/s_ratio_poster/public/p2224933614.jpg']]
[['天堂电影院', ['9.1'], '法国', '爱情', 'https://movie.douban.com/subject/1291828/', 'https://img3.doubanio.com/view/photo/s_ratio_poster/public/p1910901025.jpg']]
[['卡门', ['9.1'], '法国', '爱情', 'https://movie.douban.com/subject/1448669/', 'https://img3.doubanio.com/view/photo/s_ratio_poster/public/p2500317262.jpg']]
[['沉静如海', ['9.0'], '法国', '爱情', 'https://movie.douban.com/subject/1769507/', 'https://img3.doubanio.com/view/photo/s_ratio_poster/public/p2365157916.jpg']]
[['卡比利亚之夜', ['9.0'], '法国', '爱情', 'https://movie.douban.com/subject/1294781/', 'https://img3.doubanio.com/view/photo/s_ratio_poster/public/p922159253.jpg']]
[['阿德尔曼夫妇', ['9.0'], '法国', '爱情', 'https://movie.douban.com/subject/26951692/', 'https://img3.doubanio.com/view/photo/s_ratio_poster/public/p2417978591.jpg']]
[['柴可夫斯基芭蕾舞剧：胡桃夹子', ['9.0'], '法国', '爱情', 'https://movie.douban.com/subject/3541997/', 'https://img3.doubanio.com/view/photo/s_ratio_poster/public/p2327920276.jpg']]
[['爱尔丝小姐', ['9.0'], '法国', '爱情', 'https://movie.douban.com/subject/2084602/', 'https://img1.doubanio.com/view/photo/s_ratio_poster/public/p2153966838.jpg']]
[['Michel Gondry 2: More Videos', ['9.0'], '法国', '爱情', 'https://movie.douban.com/subject/3872558/', 'https://img3.doubanio.com/view/photo/s_ratio_poster/public/p2192255135.jpg']]
[['伊丽莎白', ['9.6'], '德国', '爱情', 'https://movie.douban.com/subject/24877005/', 'https://img3.doubanio.com/view/photo/s_ratio_poster/public/p2264336223.jpg']]
[['芭蕾电影《吉赛尔》', ['9.3'], '德国', '爱情', 'https://movie.douban.com/subject/1797540/', 'https://img3.doubanio.com/view/photo/s_ratio_poster/public/p2514207433.jpg']]
[['祖母的照相馆', ['9.2'], '德国', '爱情', 'https://movie.douban.com/subject/11587751/', 'https://img3.doubanio.com/view/photo/s_ratio_poster/public/p1659366674.jpg']]
[['费加罗的婚礼', ['9.1'], '德国', '爱情', 'https://movie.douban.com/subject/1797500/', 'https://img1.doubanio.com/view/photo/s_ratio_poster/public/p2272483089.jpg']]
[['沉静如海', ['9.0'], '德国', '爱情', 'https://movie.douban.com/subject/1769507/', 'https://img3.doubanio.com/view/photo/s_ratio_poster/public/p2365157916.jpg']]
[['爱的奇迹', ['9.0'], '德国', '爱情', 'https://movie.douban.com/subject/2119286/', 'https://img3.doubanio.com/view/photo/s_ratio_poster/public/p533191776.jpg']]
[['爱尔丝小姐', ['9.0'], '德国', '爱情', 'https://movie.douban.com/subject/2084602/', 'https://img1.doubanio.com/view/photo/s_ratio_poster/public/p2153966838.jpg']]
[['美丽人生', ['9.5'], '意大利', '爱情', 'https://movie.douban.com/subject/1292063/', 'https://img3.doubanio.com/view/photo/s_ratio_poster/public/p510861873.jpg']]
[['灿烂人生', ['9.3'], '意大利', '爱情', 'https://movie.douban.com/subject/1291831/', 'https://img3.doubanio.com/view/photo/s_ratio_poster/public/p1161132422.jpg']]
[['海上钢琴师', ['9.2'], '意大利', '爱情', 'https://movie.douban.com/subject/1292001/', 'https://img1.doubanio.com/view/photo/s_ratio_poster/public/p511146807.jpg']]
[['图兰朵', ['9.3'], '意大利', '爱情', 'https://movie.douban.com/subject/11531648/', 'https://img1.doubanio.com/view/photo/s_ratio_poster/public/p2509441469.jpg']]
[['天堂电影院', ['9.1'], '意大利', '爱情', 'https://movie.douban.com/subject/1291828/', 'https://img3.doubanio.com/view/photo/s_ratio_poster/public/p1910901025.jpg']]
[['美国往事', ['9.1'], '意大利', '爱情', 'https://movie.douban.com/subject/1292262/', 'https://img1.doubanio.com/view/photo/s_ratio_poster/public/p477229647.jpg']]
[['费加罗的婚礼', ['9.1'], '意大利', '爱情', 'https://movie.douban.com/subject/1797500/', 'https://img1.doubanio.com/view/photo/s_ratio_poster/public/p2272483089.jpg']]
[['卡比利亚之夜', ['9.0'], '意大利', '爱情', 'https://movie.douban.com/subject/1294781/', 'https://img3.doubanio.com/view/photo/s_ratio_poster/public/p922159253.jpg']]
[['三傻大闹宝莱坞', ['9.2'], '印度', '爱情', 'https://movie.douban.com/subject/3793023/', 'https://img3.doubanio.com/view/photo/s_ratio_poster/public/p579729551.jpg']]
[['爱的奇迹', ['9.0'], '印度', '爱情', 'https://movie.douban.com/subject/2119286/', 'https://img3.doubanio.com/view/photo/s_ratio_poster/public/p533191776.jpg']]
[['青春禁忌游戏', ['9.2'], '俄罗斯', '爱情', 'https://movie.douban.com/subject/4264111/', 'https://img3.doubanio.com/view/subject/l/public/s7063443.jpg']]
[['战争与和平2：娜塔莎・罗斯托娃', ['9.1'], '俄罗斯', '爱情', 'https://movie.douban.com/subject/1303712/', 'https://img1.doubanio.com/view/photo/s_ratio_poster/public/p2511436787.jpg']]
[['士兵之歌', ['9.0'], '俄罗斯', '爱情', 'https://movie.douban.com/subject/1295614/', 'https://img1.doubanio.com/view/photo/s_ratio_poster/public/p806332287.jpg']]
[['战争与和平', ['9.0'], '俄罗斯', '爱情', 'https://movie.douban.com/subject/1307067/', 'https://img3.doubanio.com/view/photo/s_ratio_poster/public/p2074409805.jpg']]
[['柴可夫斯基芭蕾舞剧：胡桃夹子', ['9.0'], '俄罗斯', '爱情', 'https://movie.douban.com/subject/3541997/', 'https://img3.doubanio.com/view/photo/s_ratio_poster/public/p2327920276.jpg']]
[['娜斯佳和她的父亲们', ['9.0'], '俄罗斯', '爱情', 'https://movie.douban.com/subject/4040438/', 'https://img3.doubanio.com/view/photo/s_ratio_poster/public/p2190397911.jpg']]
[['清秀佳人第二部', ['9.2'], '加拿大', '爱情', 'https://movie.douban.com/subject/5047697/', 'https://img3.doubanio.com/view/photo/s_ratio_poster/public/p1968503455.jpg']]
[['绝不松开我的拳头', ['9.0'], '加拿大', '爱情', 'https://movie.douban.com/subject/26199883/', 'https://img1.doubanio.com/view/photo/s_ratio_poster/public/p2207905589.jpg']]
[['鬼子来了', ['9.2'], '大陆', '喜剧', 'https://movie.douban.com/subject/1291858/', 'https://img3.doubanio.com/view/photo/s_ratio_poster/public/p1181775734.jpg']]
[['狐妖小红娘剧场版：王权富贵', ['9.2'], '大陆', '喜剧', 'https://movie.douban.com/subject/26946612/', 'https://img3.doubanio.com/view/photo/s_ratio_poster/public/p2409467410.jpg']]
[['齐天乐', ['9.3'], '大陆', '喜剧', 'https://movie.douban.com/subject/11498192/', 'https://img3.doubanio.com/view/photo/s_ratio_poster/public/p2515927004.jpg']]
[['花为媒', ['9.1'], '大陆', '喜剧', 'https://movie.douban.com/subject/2357317/', 'https://img3.doubanio.com/view/photo/s_ratio_poster/public/p2173058450.jpg']]
[['如此爹娘', ['9.0'], '大陆', '喜剧', 'https://movie.douban.com/subject/3032535/', 'https://img3.doubanio.com/view/photo/s_ratio_poster/public/p2323730451.jpg']]
[['一磅肉', ['9.0'], '大陆', '喜剧', 'https://movie.douban.com/subject/3543679/', 'https://img3.doubanio.com/view/photo/s_ratio_poster/public/p2342489640.jpg']]
[['小捣蛋', ['9.7'], '美国', '喜剧', 'https://movie.douban.com/subject/4714058/', 'https://img3.doubanio.com/view/photo/s_ratio_poster/public/p2217061102.jpg']]
[['威尔和格蕾丝 告别秀', ['9.6'], '美国', '喜剧', 'https://movie.douban.com/subject/2263259/', 'https://img1.doubanio.com/view/photo/s_ratio_poster/public/p2408281629.jpg']]
[['Wattstax', ['9.6'], '美国', '喜剧', 'https://movie.douban.com/subject/1975692/', 'https://img1.doubanio.com/view/photo/s_ratio_poster/public/p2374623518.jpg']]
[['哈利同人音乐剧第一部', ['9.6'], '美国', '喜剧', 'https://movie.douban.com/subject/20388406/', 'https://img3.doubanio.com/view/photo/s_ratio_poster/public/p2191854174.jpg']]
[['绿日乐队：圣经上的子弹演唱会', ['9.5'], '美国', '喜剧', 'https://movie.douban.com/subject/2052209/', 'https://img3.doubanio.com/view/photo/s_ratio_poster/public/p2510821205.jpg']]
[['怪诞小镇特别篇：松林之间', ['9.5'], '美国', '喜剧', 'https://movie.douban.com/subject/26744258/', 'https://img3.doubanio.com/view/photo/s_ratio_poster/public/p2324315416.jpg']]
[['创造“哈利`波特”的世界：生物', ['9.5'], '美国', '喜剧', 'https://movie.douban.com/subject/6721622/', 'https://img1.doubanio.com/view/photo/s_ratio_poster/public/p2425167528.jpg']]
[['演员工作室：老爸老妈的浪漫史', ['9.5'], '美国', '喜剧', 'https://movie.douban.com/subject/25855990/', 'https://img3.doubanio.com/view/photo/s_ratio_poster/public/p2176444996.jpg']]
[['杰夫・敦哈姆：星星之火让人抓狂', ['9.5'], '美国', '喜剧', 'https://movie.douban.com/subject/2363526/', 'https://img3.doubanio.com/view/photo/s_ratio_poster/public/p2515501982.jpg']]
[['威尔和格蕾丝：后台通行证', ['9.5'], '美国', '喜剧', 'https://movie.douban.com/subject/3231922/', 'https://img1.doubanio.com/view/subject/l/public/s3279208.jpg']]
[['滑稽玩偶', ['9.5'], '美国', '喜剧', 'https://movie.douban.com/subject/5096157/', 'https://img3.doubanio.com/view/photo/s_ratio_poster/public/p1528882872.jpg']]
[['阿甘正传', ['9.4'], '美国', '喜剧', 'https://movie.douban.com/subject/1292720/', 'https://img1.doubanio.com/view/photo/s_ratio_poster/public/p510876377.jpg']]
[['福尔摩斯二世', ['9.4'], '美国', '喜剧', 'https://movie.douban.com/subject/1303408/', 'https://img1.doubanio.com/view/photo/s_ratio_poster/public/p2206737207.jpg']]
[['吉米・鸡毛逊毙了！马达翻身当主持', ['9.4'], '美国', '喜剧', 'https://movie.douban.com/subject/26721341/', 'https://img3.doubanio.com/view/photo/s_ratio_poster/public/p2315824435.jpg']]
[['博弈论', ['9.4'], '美国', '喜剧', 'https://movie.douban.com/subject/3272459/', 'https://img3.doubanio.com/view/photo/s_ratio_poster/public/p2254959230.jpg']]
[['拜访森林', ['9.4'], '美国', '喜剧', 'https://movie.douban.com/subject/25741291/', 'https://img3.doubanio.com/view/photo/s_ratio_poster/public/p2155898916.jpg']]
[['克里斯洛克脱口秀', ['9.4'], '美国', '喜剧', 'https://movie.douban.com/subject/2150624/', 'https://img3.doubanio.com/view/subject/l/public/s2604291.jpg']]
[['聪明狗走天涯', ['9.4'], '美国', '喜剧', 'https://movie.douban.com/subject/1297777/', 'https://img1.doubanio.com/view/subject/l/public/s1788447.jpg']]
[['snorks', ['9.4'], '美国', '喜剧', 'https://movie.douban.com/subject/1863428/', 'https://img3.doubanio.com/view/subject/l/public/s1796635.jpg']]
[['30 Rock Kidney Now', ['9.4'], '美国', '喜剧', 'https://movie.douban.com/subject/3868403/', 'https://img3.doubanio.com/view/subject/l/public/s4044946.jpg']]
[['拾下拾下', ['9.6'], '香港', '喜剧', 'https://movie.douban.com/subject/26801795/', 'https://img3.doubanio.com/view/photo/s_ratio_poster/public/p2359001422.jpg']]
[['秋前算账', ['9.6'], '香港', '喜剧', 'https://movie.douban.com/subject/26801794/', 'https://img3.doubanio.com/view/photo/s_ratio_poster/public/p2358999062.jpg']]
[['哗众取宠', ['9.6'], '香港', '喜剧', 'https://movie.douban.com/subject/26791663/', 'https://img3.doubanio.com/view/photo/s_ratio_poster/public/p2351203974.jpg']]
[['黄子华栋笃笑之犹坑', ['9.6'], '香港', '喜剧', 'https://movie.douban.com/subject/26794221/', 'https://img1.doubanio.com/view/photo/s_ratio_poster/public/p2352295709.jpg']]
[['越大镬越快乐', ['9.5'], '香港', '喜剧', 'https://movie.douban.com/subject/25810998/', 'https://img3.doubanio.com/view/photo/s_ratio_poster/public/p2365168701.jpg']]
[['娱乐圈血肉史', ['9.3'], '香港', '喜剧', 'https://movie.douban.com/subject/25786046/', 'https://img3.doubanio.com/view/photo/s_ratio_poster/public/p2210682395.jpg']]
[['娱乐圈血肉史2', ['9.3'], '香港', '喜剧', 'https://movie.douban.com/subject/26348796/', 'https://img1.doubanio.com/view/photo/s_ratio_poster/public/p2239371338.jpg']]
[['S子A栋笃笑之色情家庭', ['9.3'], '香港', '喜剧', 'https://movie.douban.com/subject/26796663/', 'https://img1.doubanio.com/view/photo/s_ratio_poster/public/p2353716227.jpg']]
[['跟住去边度', ['9.3'], '香港', '喜剧', 'https://movie.douban.com/subject/26767519/', 'https://img3.doubanio.com/view/photo/s_ratio_poster/public/p2329970542.jpg']]
[['S子AV笑之末世神', ['9.3'], '香港', '喜剧', 'https://movie.douban.com/subject/26797718/', 'https://img1.doubanio.com/view/photo/s_ratio_poster/public/p2378106307.jpg']]
[['大话西游之大圣娶亲', ['9.2'], '香港', '喜剧', 'https://movie.douban.com/subject/1292213/', 'https://img3.doubanio.com/view/photo/s_ratio_poster/public/p2455050536.jpg']]
[['黄子华栋笃笑之洗燥', ['9.2'], '香港', '喜剧', 'https://movie.douban.com/subject/26582661/', 'https://img3.doubanio.com/view/photo/s_ratio_poster/public/p2425882934.jpg']]
[['一磅肉', ['9.0'], '香港', '喜剧', 'https://movie.douban.com/subject/3543679/', 'https://img3.doubanio.com/view/photo/s_ratio_poster/public/p2342489640.jpg']]
[['时之繁花', ['9.3'], '台湾', '喜剧', 'https://movie.douban.com/subject/25774028/', 'https://img3.doubanio.com/view/photo/s_ratio_poster/public/p2216519411.jpg']]
[['Me and My Girl', ['9.6'], '日本', '喜剧', 'https://movie.douban.com/subject/11577118/', 'https://img3.doubanio.com/view/photo/s_ratio_poster/public/p2510934952.jpg']]
[['银魂：白夜叉降诞预告', ['9.5'], '日本', '喜剧', 'https://movie.douban.com/subject/4236817/', 'https://img1.doubanio.com/view/photo/s_ratio_poster/public/p2214620528.jpg']]
[['银魂：无论什么事开始虽然重要但伸个懒腰的话也不错', ['9.5'], '日本', '喜剧', 'https://movie.douban.com/subject/4116936/', 'https://img3.doubanio.com/view/photo/s_ratio_poster/public/p2221047675.jpg']]
[['校园疯神榜！2015', ['9.5'], '日本', '喜剧', 'https://movie.douban.com/subject/26657143/', 'https://img3.doubanio.com/view/photo/s_ratio_poster/public/p2280411490.jpg']]
[['银魂完结篇：直到永远的万事屋', ['9.3'], '日本', '喜剧', 'https://movie.douban.com/subject/11615927/', 'https://img3.doubanio.com/view/photo/s_ratio_poster/public/p2258024316.jpg']]
[['虎与龙SP', ['9.2'], '日本', '喜剧', 'https://movie.douban.com/subject/3118848/', 'https://img3.doubanio.com/view/photo/s_ratio_poster/public/p809505182.jpg']]
[['最完美的离婚 2014特别篇', ['9.1'], '日本', '喜剧', 'https://movie.douban.com/subject/25790749/', 'https://img1.doubanio.com/view/photo/s_ratio_poster/public/p2186872257.jpg']]
[['银魂剧场版：新译红樱篇', ['9.1'], '日本', '喜剧', 'https://movie.douban.com/subject/4122194/', 'https://img3.doubanio.com/view/photo/s_ratio_poster/public/p612363092.jpg']]
[['蜡笔小新之呼风唤雨！大人帝国的反击', ['9.1'], '日本', '喜剧', 'https://movie.douban.com/subject/1958667/', 'https://img3.doubanio.com/view/photo/s_ratio_poster/public/p2327107485.jpg']]
[['倒数第二次恋爱 2012秋SP', ['9.1'], '日本', '喜剧', 'https://movie.douban.com/subject/19955789/', 'https://img3.doubanio.com/view/photo/s_ratio_poster/public/p1998695160.jpg']]
[['日本之形', ['9.1'], '日本', '喜剧', 'https://movie.douban.com/subject/2085511/', 'https://img3.doubanio.com/view/photo/s_ratio_poster/public/p2253859656.jpg']]
[['8UPPERS FEATURE MUSIC FILM', ['9.0'], '日本', '喜剧', 'https://movie.douban.com/subject/6839118/', 'https://img1.doubanio.com/view/photo/s_ratio_poster/public/p1210671627.jpg']]
[['红鱼', ['9.0'], '日本', '喜剧', 'https://movie.douban.com/subject/26266892/', 'https://img3.doubanio.com/view/photo/s_ratio_poster/public/p2315734512.jpg']]
[['凉宫春日的消失', ['9.0'], '日本', '喜剧', 'https://movie.douban.com/subject/4074292/', 'https://img3.doubanio.com/view/photo/s_ratio_poster/public/p2246432125.jpg']]
[['召唤恶魔阿萨谢尔OAD：泣牛篇', ['9.0'], '日本', '喜剧', 'https://movie.douban.com/subject/4287119/', 'https://img3.doubanio.com/view/photo/s_ratio_poster/public/p2509351725.jpg']]
[['召唤恶魔阿萨谢尔OAD：赛亚篇', ['9.0'], '日本', '喜剧', 'https://movie.douban.com/subject/4858779/', 'https://img3.doubanio.com/view/photo/s_ratio_poster/public/p2509351631.jpg']]
[['召唤恶魔阿萨谢尔OAD：路西法篇', ['9.0'], '日本', '喜剧', 'https://movie.douban.com/subject/10767534/', 'https://img3.doubanio.com/view/photo/s_ratio_poster/public/p2509350226.jpg']]
[['木更津猫眼 世界系列', ['9.0'], '日本', '喜剧', 'https://movie.douban.com/subject/1793394/', 'https://img3.doubanio.com/view/photo/s_ratio_poster/public/p764157116.jpg']]
[['草莓棉花糖 OVA 3卷', ['9.0'], '日本', '喜剧', 'https://movie.douban.com/subject/2224447/', 'https://img1.doubanio.com/view/photo/s_ratio_poster/public/p2508803808.jpg']]
[['草莓棉花糖 OVA 2卷', ['9.0'], '日本', '喜剧', 'https://movie.douban.com/subject/2224446/', 'https://img3.doubanio.com/view/photo/s_ratio_poster/public/p2508803736.jpg']]
[['出租车', ['9.6'], '韩国', '喜剧', 'https://movie.douban.com/subject/26994877/', 'https://img3.doubanio.com/view/photo/s_ratio_poster/public/p2445935214.jpg']]
[['出租车司机冒险记', ['9.2'], '韩国', '喜剧', 'https://movie.douban.com/subject/4705150/', 'https://img3.doubanio.com/view/photo/s_ratio_poster/public/p2502580762.jpg']]
[['宇宙快递', ['9.0'], '韩国', '喜剧', 'https://movie.douban.com/subject/25884822/', 'https://img3.doubanio.com/view/photo/s_ratio_poster/public/p2229847445.jpg']]
[['是，大臣 1984圣诞特辑', ['9.8'], '英国', '喜剧', 'https://movie.douban.com/subject/26725031/', 'https://img3.doubanio.com/view/photo/s_ratio_poster/public/p2397258764.jpg']]
[['The League Of Gentlemen Live At Drury Lane', ['9.7'], '英国', '喜剧', 'https://movie.douban.com/subject/20277079/', 'https://img3.doubanio.com/view/photo/s_ratio_poster/public/p2309939835.jpg']]
[['Journey of the Childmen: The Mighty Boosh on Tour', ['9.7'], '英国', '喜剧', 'https://movie.douban.com/subject/3088560/', 'https://img3.doubanio.com/view/photo/s_ratio_poster/public/p1774351785.jpg']]
[['Comedy Connections-Yes Minister', ['9.6'], '英国', '喜剧', 'https://movie.douban.com/subject/3541903/', 'https://img3.doubanio.com/view/photo/s_ratio_poster/public/p2196015190.jpg']]
[['Blackadder Exclusive: The Whole Rotten Saga', ['9.7'], '英国', '喜剧', 'https://movie.douban.com/subject/3302953/', 'https://img3.doubanio.com/view/photo/s_ratio_poster/public/p1750245645.jpg']]
[['憨豆先生精选辑', ['9.6'], '英国', '喜剧', 'https://movie.douban.com/subject/5133063/', 'https://img3.doubanio.com/view/photo/s_ratio_poster/public/p2354179225.jpg']]
[['最高档 极地特辑', ['9.6'], '英国', '喜剧', 'https://movie.douban.com/subject/10573342/', 'https://img3.doubanio.com/view/photo/s_ratio_poster/public/p1509902065.jpg']]
[['凯特秀：喜剧插曲之神秘博士特别篇', ['9.6'], '英国', '喜剧', 'https://movie.douban.com/subject/25824839/', 'https://img3.doubanio.com/view/photo/s_ratio_poster/public/p2190387924.jpg']]
[['The Mighty Boosh Live: Future Sailors Tour', ['9.6'], '英国', '喜剧', 'https://movie.douban.com/subject/4160462/', 'https://img3.doubanio.com/view/photo/s_ratio_poster/public/p2512983640.jpg']]
[['跳到最后', ['9.6'], '英国', '喜剧', 'https://movie.douban.com/subject/3838208/', 'https://img3.doubanio.com/view/photo/s_ratio_poster/public/p2379644743.jpg']]
[['Aim Low:The Best of Dylan Moran', ['9.6'], '英国', '喜剧', 'https://movie.douban.com/subject/5913043/', 'https://img1.doubanio.com/view/subject/l/public/s4596109.jpg']]
[['新闻问答', ['9.6'], '英国', '喜剧', 'https://movie.douban.com/subject/2270182/', 'https://img3.doubanio.com/view/subject/l/public/s2727625.jpg']]
[['文艺趣向', ['9.6'], '英国', '喜剧', 'https://movie.douban.com/subject/26637592/', 'https://img3.doubanio.com/view/photo/s_ratio_poster/public/p2325812941.jpg']]
[['绿日乐队：圣经上的子弹演唱会', ['9.5'], '英国', '喜剧', 'https://movie.douban.com/subject/2052209/', 'https://img3.doubanio.com/view/photo/s_ratio_poster/public/p2510821205.jpg']]
[['创造“哈利`波特”的世界：生物', ['9.5'], '英国', '喜剧', 'https://movie.douban.com/subject/6721622/', 'https://img1.doubanio.com/view/photo/s_ratio_poster/public/p2425167528.jpg']]
[['绅士联盟舞台剧', ['9.6'], '英国', '喜剧', 'https://movie.douban.com/subject/20491284/', 'https://img3.doubanio.com/view/photo/s_ratio_poster/public/p2235065102.jpg']]
[['Jam', ['9.4'], '英国', '喜剧', 'https://movie.douban.com/subject/2077558/', 'https://img3.doubanio.com/view/subject/l/public/s2401735.jpg']]
[['法国小馆儿归来', ['9.5'], '英国', '喜剧', 'https://movie.douban.com/subject/5194566/', 'https://img1.doubanio.com/view/photo/s_ratio_poster/public/p2514199137.jpg']]
[['IT狂人说明书', ['9.4'], '英国', '喜剧', 'https://movie.douban.com/subject/25800237/', 'https://img3.doubanio.com/view/photo/s_ratio_poster/public/p2164513614.jpg']]
[['西蒙・阿姆斯特尔：顺其自然', ['9.4'], '英国', '喜剧', 'https://movie.douban.com/subject/6309377/', 'https://img3.doubanio.com/view/photo/s_ratio_poster/public/p2184490255.jpg']]
[['Papa est en haut', ['9.8'], '法国', '喜剧', 'https://movie.douban.com/subject/3993697/', 'https://img3.doubanio.com/view/subject/l/public/s3950012.jpg']]
[["l'autre c'est moi", ['9.6'], '法国', '喜剧', 'https://movie.douban.com/subject/2382278/', 'https://img3.doubanio.com/view/subject/l/public/s4695480.jpg']]
[['The Work of Director Michel Gondry', ['9.3'], '法国', '喜剧', 'https://movie.douban.com/subject/1400646/', 'https://img3.doubanio.com/view/photo/s_ratio_poster/public/p2515063983.jpg']]
[['土豆工厂', ['9.2'], '法国', '喜剧', 'https://movie.douban.com/subject/1793083/', 'https://img3.doubanio.com/view/photo/s_ratio_poster/public/p2233036824.jpg']]
[['大胖考10周年', ['9.2'], '法国', '喜剧', 'https://movie.douban.com/subject/26296014/', 'https://img3.doubanio.com/view/photo/s_ratio_poster/public/p2220561444.jpg']]
[['触不可及', ['9.1'], '法国', '喜剧', 'https://movie.douban.com/subject/6786002/', 'https://img3.doubanio.com/view/photo/s_ratio_poster/public/p1454261925.jpg']]
[['雇佣人生', ['9.1'], '法国', '喜剧', 'https://movie.douban.com/subject/3823425/', 'https://img3.doubanio.com/view/photo/s_ratio_poster/public/p2027109343.jpg']]
[['地下', ['9.1'], '法国', '喜剧', 'https://movie.douban.com/subject/1292206/', 'https://img3.doubanio.com/view/photo/s_ratio_poster/public/p1833776334.jpg']]
[['阿福世界', ['9.1'], '法国', '喜剧', 'https://movie.douban.com/subject/4603384/', 'https://img1.doubanio.com/view/subject/l/public/s4214847.jpg']]
[['光荣的日子', ['9.1'], '法国', '喜剧', 'https://movie.douban.com/subject/3724036/', 'https://img3.doubanio.com/view/photo/s_ratio_poster/public/p1112469352.jpg']]
[['冠军理发师', ['9.1'], '法国', '喜剧', 'https://movie.douban.com/subject/5115829/', 'https://img1.doubanio.com/view/photo/s_ratio_poster/public/p1001238848.jpg']]
[['阿德尔曼夫妇', ['9.0'], '法国', '喜剧', 'https://movie.douban.com/subject/26951692/', 'https://img3.doubanio.com/view/photo/s_ratio_poster/public/p2417978591.jpg']]
[['宝琳和宝莱特', ['9.0'], '法国', '喜剧', 'https://movie.douban.com/subject/1756409/', 'https://img3.doubanio.com/view/subject/l/public/s1627894.jpg']]
[['加油,法国队!', ['9.0'], '法国', '喜剧', 'https://movie.douban.com/subject/3700124/', 'https://img3.doubanio.com/view/subject/l/public/s3754010.jpg']]
[['我是海尔姆特', ['9.4'], '德国', '喜剧', 'https://movie.douban.com/subject/5360245/', 'https://img3.doubanio.com/view/subject/l/public/s4533690.jpg']]
[['塞维利亚的理发师', ['9.2'], '德国', '喜剧', 'https://movie.douban.com/subject/1772046/', 'https://img3.doubanio.com/view/subject/l/public/s1643193.jpg']]
[['地下', ['9.1'], '德国', '喜剧', 'https://movie.douban.com/subject/1292206/', 'https://img3.doubanio.com/view/photo/s_ratio_poster/public/p1833776334.jpg']]
[['费加罗的婚礼', ['9.1'], '德国', '喜剧', 'https://movie.douban.com/subject/1797500/', 'https://img1.doubanio.com/view/photo/s_ratio_poster/public/p2272483089.jpg']]
[['美丽人生', ['9.5'], '意大利', '喜剧', 'https://movie.douban.com/subject/1292063/', 'https://img3.doubanio.com/view/photo/s_ratio_poster/public/p510861873.jpg']]
[['塞维利亚的理发师', ['9.2'], '意大利', '喜剧', 'https://movie.douban.com/subject/1772046/', 'https://img3.doubanio.com/view/subject/l/public/s1643193.jpg']]
[['费加罗的婚礼', ['9.1'], '意大利', '喜剧', 'https://movie.douban.com/subject/1797500/', 'https://img1.doubanio.com/view/photo/s_ratio_poster/public/p2272483089.jpg']]
[['莫扎特 歌剧《唐・乔万尼》（唐璜）', ['9.1'], '意大利', '喜剧', 'https://movie.douban.com/subject/1877242/', 'https://img3.doubanio.com/view/subject/l/public/s1812251.jpg']]
[['流浪者之歌', ['9.0'], '意大利', '喜剧', 'https://movie.douban.com/subject/1303525/', 'https://img3.doubanio.com/view/photo/s_ratio_poster/public/p2267333084.jpg']]
[['Abhilasha', ['9.7'], '印度', '喜剧', 'https://movie.douban.com/subject/3278106/', 'https://img3.doubanio.com/view/subject/l/public/s3338625.jpg']]
[['三傻大闹宝莱坞', ['9.2'], '印度', '喜剧', 'https://movie.douban.com/subject/3793023/', 'https://img3.doubanio.com/view/photo/s_ratio_poster/public/p579729551.jpg']]
[['摔跤吧！爸爸', ['9.1'], '印度', '喜剧', 'https://movie.douban.com/subject/26387939/', 'https://img3.doubanio.com/view/photo/s_ratio_poster/public/p2457983084.jpg']]
[['唐吉柯德', ['9.4'], '俄罗斯', '喜剧', 'https://movie.douban.com/subject/3838100/', 'https://img3.doubanio.com/view/subject/l/public/s3874775.jpg']]
[['娜斯佳和她的父亲们', ['9.0'], '俄罗斯', '喜剧', 'https://movie.douban.com/subject/4040438/', 'https://img3.doubanio.com/view/photo/s_ratio_poster/public/p2190397911.jpg']]
[['Russell Peters: Two Concerts, One Ticket', ['9.3'], '加拿大', '喜剧', 'https://movie.douban.com/subject/6087827/', 'https://img1.doubanio.com/view/subject/l/public/s4699657.jpg']]
[['Rocky Horror Tribute Show', ['9.3'], '加拿大', '喜剧', 'https://movie.douban.com/subject/3539046/', 'https://img3.doubanio.com/view/subject/l/public/s3598686.jpg']]
[['拉塞尔・皮特斯：红白褐', ['9.2'], '加拿大', '喜剧', 'https://movie.douban.com/subject/3578890/', 'https://img3.doubanio.com/view/photo/s_ratio_poster/public/p2320299004.jpg']]
[['拉塞尔・皮特斯：幽默无国界', ['9.0'], '加拿大', '喜剧', 'https://movie.douban.com/subject/4186797/', 'https://img3.doubanio.com/view/photo/s_ratio_poster/public/p2320297416.jpg']]
[['Russell Peters: Show Me the Funny', ['9.0'], '加拿大', '喜剧', 'https://movie.douban.com/subject/5380957/', 'https://img3.doubanio.com/view/subject/l/public/s4551740.jpg']]
[['彩虹', ['9.0'], '加拿大', '喜剧', 'https://movie.douban.com/subject/1971485/', 'https://img3.doubanio.com/view/photo/s_ratio_poster/public/p503390374.jpg']]
[['迪伦・莫兰脱口秀', ['9.2'], '澳大利亚', '喜剧', 'https://movie.douban.com/subject/4850732/', 'https://img3.doubanio.com/view/photo/s_ratio_poster/public/p2238117095.jpg']]
[['土豆工厂', ['9.2'], '澳大利亚', '喜剧', 'https://movie.douban.com/subject/1793083/', 'https://img3.doubanio.com/view/photo/s_ratio_poster/public/p2233036824.jpg']]
[['Tim Minchin: So Live', ['8.9'], '澳大利亚', '喜剧', 'https://movie.douban.com/subject/3893420/', 'https://img3.doubanio.com/view/photo/s_ratio_poster/public/p2509370314.jpg']]
[['鳄鱼先生', ['9.0'], '澳大利亚', '喜剧', 'https://movie.douban.com/subject/2073834/', 'https://img3.doubanio.com/view/subject/l/public/s2396692.jpg']]
[['Aim Low:The Best of Dylan Moran', ['9.6'], '爱尔兰', '喜剧', 'https://movie.douban.com/subject/5913043/', 'https://img1.doubanio.com/view/subject/l/public/s4596109.jpg']]
[['Dylan Moran: Off the Hook', ['9.3'], '爱尔兰', '喜剧', 'https://movie.douban.com/subject/26691373/', 'https://img1.doubanio.com/view/photo/s_ratio_poster/public/p2384088429.jpg']]
[['Dylan Moran: Yeah, Yeah', ['9.2'], '爱尔兰', '喜剧', 'https://movie.douban.com/subject/6790958/', 'https://img3.doubanio.com/view/photo/s_ratio_poster/public/p2509392905.jpg']]
[['迪伦・莫兰脱口秀', ['9.2'], '爱尔兰', '喜剧', 'https://movie.douban.com/subject/4850732/', 'https://img3.doubanio.com/view/photo/s_ratio_poster/public/p2238117095.jpg']]
[['Monster', ['9.2'], '爱尔兰', '喜剧', 'https://movie.douban.com/subject/1957933/', 'https://img3.doubanio.com/view/photo/s_ratio_poster/public/p2263825453.jpg']]
[['喜之所有', ['9.1'], '爱尔兰', '喜剧', 'https://movie.douban.com/subject/3140108/', 'https://img3.doubanio.com/view/photo/s_ratio_poster/public/p1257546382.jpg']]
[['布朗夫人的儿子们：2015圣诞特别篇', ['9.0'], '爱尔兰', '喜剧', 'https://movie.douban.com/subject/26698398/', 'https://img3.doubanio.com/view/photo/s_ratio_poster/public/p2310452506.jpg']]
[['克拉姆一家', ['9.0'], '丹麦', '喜剧', 'https://movie.douban.com/subject/1769053/', 'https://img3.doubanio.com/view/photo/s_ratio_poster/public/p2511779823.jpg']]
[['克拉姆一家2', ['9.0'], '丹麦', '喜剧', 'https://movie.douban.com/subject/1775004/', 'https://img3.doubanio.com/view/photo/s_ratio_poster/public/p2512170335.jpg']]
